datatime;timestamp;DevDatetime;CO [ppm];CO2 [ppm]
2025-03-16 22:27:35;1742153255;16.03.25 22:37:59;0.3;443
2025-03-16 22:28:35;1742153315;16.03.25 22:38:42;0.2;443
2025-03-16 22:29:35;1742153375;16.03.25 22:39:46;0.3;453
2025-03-16 22:30:35;1742153435;16.03.25 22:40:59;0.2;456
2025-03-16 22:31:35;1742153495;16.03.25 22:41:54;0.2;453
2025-03-16 22:33:03;1742153583;16.03.25 22:43:23;0.2;447
2025-03-16 22:46:05;1742154365;16.03.25 22:56:31;0.2;443
2025-03-16 22:49:09;1742154549;16.03.25 22:59:23;0.2;440
2025-03-16 22:51:11;1742154671;16.03.25 23:01:30;0.3;444
2025-03-16 22:52:25;1742154745;16.03.25 23:02:34;0.2;444
2025-03-16 22:53:25;1742154805;16.03.25 23:03:39;0.3;444
2025-03-16 22:54:25;1742154865;16.03.25 23:04:43;0.2;444
2025-03-16 22:55:25;1742154925;16.03.25 23:05:47;0.3;444
2025-03-16 22:56:25;1742154985;16.03.25 23:06:51;0.3;444
2025-03-16 22:57:25;1742155045;16.03.25 23:07:34;0.2;444
2025-03-16 22:58:25;1742155105;16.03.25 23:08:38;0.3;444
2025-03-16 22:59:25;1742155165;16.03.25 23:09:42;0.2;444
2025-03-16 23:00:25;1742155225;16.03.25 23:10:46;0.3;444
2025-03-16 23:01:25;1742155285;16.03.25 23:11:50;0.3;444
2025-03-16 23:02:25;1742155345;16.03.25 23:12:33;0.3;444
2025-03-16 23:03:25;1742155405;16.03.25 23:13:37;0.2;444
2025-03-16 23:04:25;1742155465;16.03.25 23:14:41;0.2;444
2025-03-16 23:05:25;1742155525;16.03.25 23:15:45;0.2;444
2025-03-16 23:06:25;1742155585;16.03.25 23:16:50;0.3;444
2025-03-16 23:07:25;1742155645;16.03.25 23:17:32;0.2;444
2025-03-16 23:08:25;1742155705;16.03.25 23:18:37;0.2;444
2025-03-16 23:09:25;1742155765;16.03.25 23:19:41;0.3;444
2025-03-16 23:10:25;1742155825;16.03.25 23:20:45;0.2;441
2025-03-16 23:11:25;1742155885;16.03.25 23:21:49;0.3;441
2025-03-16 23:12:25;1742155945;16.03.25 23:22:32;0.3;441
2025-03-16 23:13:25;1742156005;16.03.25 23:23:36;0.2;441
2025-03-16 23:14:25;1742156065;16.03.25 23:24:40;0.2;441
2025-03-16 23:15:25;1742156125;16.03.25 23:25:44;0.2;441
2025-03-16 23:16:25;1742156185;16.03.25 23:26:48;0.3;441
2025-03-16 23:17:25;1742156245;16.03.25 23:27:31;0.2;441
2025-03-16 23:18:25;1742156305;16.03.25 23:28:35;0.2;441
2025-03-16 23:19:25;1742156365;16.03.25 23:29:39;0.3;441
2025-03-16 23:20:25;1742156425;16.03.25 23:30:43;0.2;441
2025-03-16 23:21:25;1742156485;16.03.25 23:31:48;0.2;441
2025-03-16 23:22:25;1742156545;16.03.25 23:32:30;0.2;441
2025-03-16 23:23:25;1742156605;16.03.25 23:33:34;0.2;441
2025-03-16 23:24:25;1742156665;16.03.25 23:34:39;0.2;441
2025-03-16 23:25:25;1742156725;16.03.25 23:35:43;0.3;441
2025-03-16 23:26:25;1742156785;16.03.25 23:36:47;0.3;441
2025-03-16 23:27:25;1742156845;16.03.25 23:37:51;0.3;441
2025-03-16 23:28:25;1742156905;16.03.25 23:38:34;0.2;441
2025-03-16 23:29:25;1742156965;16.03.25 23:39:38;0.2;441
2025-03-16 23:30:25;1742157025;16.03.25 23:40:42;0.2;439
2025-03-16 23:31:25;1742157085;16.03.25 23:41:46;0.2;436
2025-03-16 23:32:25;1742157145;16.03.25 23:42:50;0.2;436
2025-03-16 23:33:25;1742157205;16.03.25 23:43:33;0.2;436
2025-03-16 23:34:25;1742157265;16.03.25 23:44:37;0.3;436
2025-03-16 23:35:25;1742157325;16.03.25 23:45:41;0.3;436
2025-03-16 23:36:25;1742157385;16.03.25 23:46:46;0.2;436
2025-03-16 23:37:25;1742157445;16.03.25 23:47:50;0.2;436
2025-03-16 23:38:25;1742157505;16.03.25 23:48:32;0.2;436
2025-03-16 23:39:25;1742157565;16.03.25 23:49:36;0.2;436
2025-03-16 23:40:25;1742157625;16.03.25 23:50:40;0.2;436
2025-03-16 23:41:25;1742157685;16.03.25 23:51:45;0.2;436
2025-03-16 23:42:25;1742157745;16.03.25 23:52:49;0.3;436
2025-03-16 23:43:25;1742157805;16.03.25 23:53:32;0.2;436
2025-03-16 23:44:26;1742157866;16.03.25 23:54:36;0.2;436
2025-03-16 23:45:26;1742157926;16.03.25 23:55:40;0.2;436
2025-03-16 23:46:26;1742157986;16.03.25 23:56:44;0.3;436
2025-03-16 23:47:26;1742158046;16.03.25 23:57:48;0.2;436
2025-03-16 23:48:26;1742158106;16.03.25 23:58:31;0.3;436
2025-03-16 23:49:26;1742158166;16.03.25 23:59:35;0.2;436
2025-03-16 23:50:26;1742158226;16.03.25 23:59:57;0.3;436
2025-03-17 00:00:26;1742158826;17.03.25 00:10:50;0.0;381
2025-03-17 00:01:26;1742158886;17.03.25 00:11:38;0.1;381
2025-03-17 00:02:26;1742158946;17.03.25 00:12:42;0.2;433
2025-03-17 00:03:26;1742159006;17.03.25 00:13:46;0.2;424
2025-03-17 00:04:26;1742159066;17.03.25 00:14:50;0.2;434
2025-03-17 00:05:26;1742159126;17.03.25 00:15:38;0.2;421
2025-03-17 00:06:26;1742159186;17.03.25 00:16:42;0.2;425
2025-03-17 00:07:26;1742159246;17.03.25 00:17:46;0.2;432
2025-03-17 00:08:26;1742159306;17.03.25 00:18:43;0.2;438
2025-03-17 00:09:26;1742159366;17.03.25 00:19:47;0.2;437
2025-03-17 00:10:26;1742159426;17.03.25 00:20:51;0.2;432
2025-03-17 00:11:26;1742159486;17.03.25 00:21:46;0.2;432
2025-03-17 00:12:26;1742159546;17.03.25 00:22:50;0.2;441
2025-03-17 00:13:26;1742159606;17.03.25 00:23:42;0.2;433
2025-03-17 00:14:26;1742159666;17.03.25 00:24:47;0.2;425
2025-03-17 00:15:26;1742159726;17.03.25 00:25:51;0.2;429
2025-03-17 00:16:26;1742159786;17.03.25 00:26:42;0.2;429
2025-03-17 00:17:26;1742159846;17.03.25 00:27:43;0.2;431
2025-03-17 00:18:26;1742159906;17.03.25 00:28:44;0.2;434
2025-03-17 00:19:26;1742159966;17.03.25 00:29:46;0.2;430
2025-03-17 00:20:26;1742160026;17.03.25 00:30:50;0.2;430
2025-03-17 00:21:26;1742160086;17.03.25 00:31:50;0.2;432
2025-03-17 00:22:26;1742160146;17.03.25 00:32:37;0.2;434
2025-03-17 00:23:26;1742160206;17.03.25 00:33:41;0.2;434
2025-03-17 00:24:26;1742160266;17.03.25 00:34:45;0.2;426
2025-03-17 00:25:26;1742160326;17.03.25 00:35:49;0.2;426
2025-03-17 00:26:26;1742160386;17.03.25 00:36:46;0.2;426
2025-03-17 00:27:26;1742160446;17.03.25 00:37:47;0.2;436
2025-03-17 00:28:26;1742160506;17.03.25 00:38:48;0.2;431
2025-03-17 00:29:26;1742160566;17.03.25 00:39:51;0.2;438
2025-03-17 00:30:26;1742160626;17.03.25 00:40:49;0.2;438
2025-03-17 00:31:26;1742160686;17.03.25 00:41:31;0.2;438
2025-03-17 00:32:26;1742160746;17.03.25 00:42:35;0.2;438
2025-03-17 00:33:26;1742160806;17.03.25 00:43:50;0.2;427
2025-03-17 00:34:26;1742160866;17.03.25 00:44:44;0.2;435
2025-03-17 00:35:26;1742160926;17.03.25 00:45:48;0.2;435
2025-03-17 00:36:26;1742160986;17.03.25 00:46:52;0.2;430
2025-03-17 00:37:26;1742161046;17.03.25 00:47:44;0.2;429
2025-03-17 00:38:26;1742161106;17.03.25 00:48:48;0.2;433
2025-03-17 00:39:26;1742161166;17.03.25 00:49:43;0.2;433
2025-03-17 00:40:26;1742161226;17.03.25 00:50:47;0.2;444
2025-03-17 00:41:26;1742161286;17.03.25 00:51:51;0.2;443
2025-03-17 00:42:26;1742161346;17.03.25 00:52:48;0.2;441
2025-03-17 00:43:26;1742161406;17.03.25 00:53:38;0.2;435
2025-03-17 00:44:26;1742161466;17.03.25 00:54:42;0.2;433
2025-03-17 00:45:26;1742161526;17.03.25 00:55:46;0.2;436
2025-03-17 00:46:26;1742161586;17.03.25 00:56:51;0.2;437
2025-03-17 00:47:26;1742161646;17.03.25 00:57:51;0.2;437
2025-03-17 00:48:26;1742161706;17.03.25 00:58:39;0.2;434
2025-03-17 00:49:26;1742161766;17.03.25 00:59:42;0.2;439
2025-03-17 00:50:26;1742161826;17.03.25 01:00:46;0.2;442
2025-03-17 00:51:26;1742161886;17.03.25 01:01:50;0.2;428
2025-03-17 00:52:26;1742161946;17.03.25 01:02:38;0.2;439
2025-03-17 00:53:26;1742162006;17.03.25 01:03:42;0.2;439
2025-03-17 00:54:26;1742162066;17.03.25 01:04:46;0.2;442
2025-03-17 00:55:26;1742162126;17.03.25 01:05:50;0.2;429
2025-03-17 00:56:26;1742162186;17.03.25 01:06:49;0.2;429
2025-03-17 00:57:26;1742162246;17.03.25 01:07:42;0.2;437
2025-03-17 00:58:26;1742162306;17.03.25 01:08:46;0.2;435
2025-03-17 00:59:26;1742162366;17.03.25 01:09:50;0.2;435
2025-03-17 01:00:26;1742162426;17.03.25 01:10:45;0.2;444
2025-03-17 01:01:26;1742162486;17.03.25 01:11:49;0.2;443
2025-03-17 01:02:26;1742162546;17.03.25 01:12:47;0.2;443
2025-03-17 01:03:26;1742162606;17.03.25 01:13:51;0.2;437
2025-03-17 01:04:26;1742162666;17.03.25 01:14:40;0.2;436
2025-03-17 01:05:26;1742162726;17.03.25 01:15:44;0.2;431
2025-03-17 01:06:26;1742162786;17.03.25 01:16:48;0.2;431
2025-03-17 01:07:26;1742162846;17.03.25 01:17:52;0.2;430
2025-03-17 01:08:26;1742162906;17.03.25 01:18:39;0.2;430
2025-03-17 01:09:26;1742162966;17.03.25 01:19:43;0.2;436
2025-03-17 01:10:26;1742163026;17.03.25 01:20:47;0.2;433
2025-03-17 01:11:26;1742163086;17.03.25 01:21:51;0.2;430
2025-03-17 01:12:26;1742163146;17.03.25 01:22:52;0.2;427
2025-03-17 01:13:26;1742163206;17.03.25 01:23:43;0.2;433
2025-03-17 01:14:26;1742163266;17.03.25 01:24:47;0.2;432
2025-03-17 01:15:26;1742163326;17.03.25 01:25:43;0.2;428
2025-03-17 01:16:26;1742163386;17.03.25 01:26:47;0.2;431
2025-03-17 01:17:26;1742163446;17.03.25 01:27:51;0.2;433
2025-03-17 01:18:26;1742163506;17.03.25 01:28:34;0.2;433
2025-03-17 01:19:26;1742163566;17.03.25 01:29:38;0.2;447
2025-03-17 01:20:26;1742163626;17.03.25 01:30:42;0.2;441
2025-03-17 01:21:27;1742163687;17.03.25 01:31:46;0.2;432
2025-03-17 01:22:27;1742163747;17.03.25 01:32:50;0.2;424
2025-03-17 01:23:27;1742163807;17.03.25 01:33:35;0.2;428
2025-03-17 01:24:27;1742163867;17.03.25 01:34:37;0.2;428
2025-03-17 01:25:27;1742163927;17.03.25 01:35:43;0.2;433
2025-03-17 01:26:27;1742163987;17.03.25 01:36:47;0.2;447
2025-03-17 01:27:27;1742164047;17.03.25 01:37:51;0.2;428
2025-03-17 01:28:27;1742164107;17.03.25 01:38:39;0.2;430
2025-03-17 01:29:27;1742164167;17.03.25 01:39:43;0.2;428
2025-03-17 01:30:27;1742164227;17.03.25 01:40:47;0.1;442
2025-03-17 01:31:27;1742164287;17.03.25 01:41:51;0.2;434
2025-03-17 01:32:27;1742164347;17.03.25 01:42:49;0.2;438
2025-03-17 01:33:27;1742164407;17.03.25 01:43:53;0.2;438
2025-03-17 01:34:27;1742164467;17.03.25 01:44:47;0.2;430
2025-03-17 01:35:27;1742164527;17.03.25 01:45:51;0.2;441
2025-03-17 01:36:27;1742164587;17.03.25 01:46:44;0.2;433
2025-03-17 01:37:27;1742164647;17.03.25 01:47:48;0.2;429
2025-03-17 01:38:27;1742164707;17.03.25 01:48:52;0.2;433
2025-03-17 01:39:27;1742164767;17.03.25 01:49:51;0.2;437
2025-03-17 01:40:27;1742164827;17.03.25 01:50:39;0.2;429
2025-03-17 01:41:27;1742164887;17.03.25 01:51:43;0.2;429
2025-03-17 01:42:05;1742164925;17.03.25 01:52:31;0.2;432
2025-03-17 01:43:05;1742164985;17.03.25 01:53:30;0.2;432
2025-03-17 01:44:05;1742165045;17.03.25 01:54:13;0.2;436
2025-03-17 01:45:05;1742165105;17.03.25 01:55:27;0.2;433
2025-03-17 01:46:05;1742165165;17.03.25 01:56:31;0.2;433
2025-03-17 01:47:05;1742165225;17.03.25 01:57:25;0.2;434
2025-03-17 01:48:05;1742165285;17.03.25 01:58:30;0.2;435
2025-03-17 01:49:05;1742165345;17.03.25 01:59:12;0.2;429
2025-03-17 01:50:05;1742165405;17.03.25 02:00:31;0.2;429
2025-03-17 01:51:05;1742165465;17.03.25 02:01:21;0.2;429
2025-03-17 01:52:05;1742165525;17.03.25 02:02:25;0.2;437
2025-03-17 01:53:05;1742165585;17.03.25 02:03:29;0.2;431
2025-03-17 01:54:05;1742165645;17.03.25 02:04:31;0.2;431
2025-03-17 01:55:05;1742165705;17.03.25 02:05:19;0.2;435
2025-03-17 01:56:05;1742165765;17.03.25 02:06:23;0.2;428
2025-03-17 01:57:05;1742165825;17.03.25 02:07:27;0.2;428
2025-03-17 01:58:05;1742165885;17.03.25 02:08:31;0.2;427
2025-03-17 01:59:05;1742165945;17.03.25 02:09:19;0.2;427
2025-03-17 02:00:05;1742166005;17.03.25 02:10:23;0.2;429
2025-03-17 02:01:06;1742166066;17.03.25 02:11:27;0.2;432
2025-03-17 02:02:06;1742166126;17.03.25 02:12:31;0.2;434
2025-03-17 02:03:06;1742166186;17.03.25 02:13:28;0.2;433
2025-03-17 02:04:06;1742166246;17.03.25 02:14:32;0.2;437
2025-03-17 02:05:06;1742166306;17.03.25 02:15:27;0.2;445
2025-03-17 02:06:06;1742166366;17.03.25 02:16:31;0.2;432
2025-03-17 02:07:06;1742166426;17.03.25 02:17:23;0.2;432
2025-03-17 02:08:06;1742166486;17.03.25 02:18:27;0.2;426
2025-03-17 02:09:06;1742166546;17.03.25 02:19:31;0.2;437
2025-03-17 02:10:06;1742166606;17.03.25 02:20:31;0.2;435
2025-03-17 02:11:06;1742166666;17.03.25 02:21:19;0.2;447
2025-03-17 02:12:06;1742166726;17.03.25 02:22:23;0.2;432
2025-03-17 02:13:06;1742166786;17.03.25 02:23:27;0.2;435
2025-03-17 02:14:06;1742166846;17.03.25 02:24:31;0.2;432
2025-03-17 02:15:06;1742166906;17.03.25 02:25:19;0.2;431
2025-03-17 02:16:06;1742166966;17.03.25 02:26:23;0.1;427
2025-03-17 02:17:06;1742167026;17.03.25 02:27:27;0.2;434
2025-03-17 02:18:06;1742167086;17.03.25 02:28:31;0.2;428
2025-03-17 02:19:06;1742167146;17.03.25 02:29:30;0.2;429
2025-03-17 02:20:06;1742167206;17.03.25 02:30:23;0.2;429
2025-03-17 02:21:06;1742167266;17.03.25 02:31:27;0.2;443
2025-03-17 02:22:06;1742167326;17.03.25 02:32:31;0.2;434
2025-03-17 02:23:06;1742167386;17.03.25 02:33:25;0.2;438
2025-03-17 02:24:06;1742167446;17.03.25 02:34:29;0.2;435
2025-03-17 02:25:06;1742167506;17.03.25 02:35:27;0.2;435
2025-03-17 02:26:06;1742167566;17.03.25 02:36:31;0.2;435
2025-03-17 02:27:06;1742167626;17.03.25 02:37:20;0.2;435
2025-03-17 02:28:06;1742167686;17.03.25 02:38:24;0.2;435
2025-03-17 02:29:06;1742167746;17.03.25 02:39:28;0.2;437
2025-03-17 02:30:06;1742167806;17.03.25 02:40:31;0.2;434
2025-03-17 02:31:06;1742167866;17.03.25 02:41:19;0.2;441
2025-03-17 02:32:06;1742167926;17.03.25 02:42:23;0.2;431
2025-03-17 02:33:06;1742167986;17.03.25 02:43:27;0.1;433
2025-03-17 02:34:06;1742168046;17.03.25 02:44:31;0.2;433
2025-03-17 02:35:06;1742168106;17.03.25 02:45:32;0.2;431
2025-03-17 02:36:06;1742168166;17.03.25 02:46:23;0.2;426
2025-03-17 02:37:06;1742168226;17.03.25 02:47:27;0.2;430
2025-03-17 02:38:06;1742168286;17.03.25 02:48:31;0.2;431
2025-03-17 02:39:06;1742168346;17.03.25 02:49:27;0.2;431
2025-03-17 02:40:06;1742168406;17.03.25 02:50:31;0.2;438
2025-03-17 02:41:06;1742168466;17.03.25 02:51:27;0.2;433
2025-03-17 02:42:06;1742168526;17.03.25 02:52:31;0.2;444
2025-03-17 02:43:06;1742168586;17.03.25 02:53:22;0.2;434
2025-03-17 02:44:06;1742168646;17.03.25 02:54:26;0.2;432
2025-03-17 02:45:42;1742168742;17.03.25 02:55:59;0.2;437
2025-03-17 02:46:42;1742168802;17.03.25 02:57:03;0.2;438
2025-03-17 02:47:42;1742168862;17.03.25 02:58:07;0.2;426
2025-03-17 02:48:42;1742168922;17.03.25 02:59:04;0.2;443
2025-03-17 02:49:42;1742168982;17.03.25 03:00:08;0.2;440
2025-03-17 02:50:42;1742169042;17.03.25 03:01:03;0.2;435
2025-03-17 02:51:43;1742169103;17.03.25 03:02:07;0.1;433
2025-03-17 02:52:43;1742169163;17.03.25 03:02:59;0.2;431
2025-03-17 02:53:43;1742169223;17.03.25 03:04:04;0.2;427
2025-03-17 02:54:43;1742169283;17.03.25 03:05:08;0.2;428
2025-03-17 02:55:43;1742169343;17.03.25 03:06:08;0.2;427
2025-03-17 02:56:43;1742169403;17.03.25 03:06:55;0.2;426
2025-03-17 02:57:43;1742169463;17.03.25 03:07:59;0.2;424
2025-03-17 02:58:43;1742169523;17.03.25 03:09:03;0.2;422
2025-03-17 02:59:43;1742169583;17.03.25 03:10:07;0.2;434
2025-03-17 03:00:43;1742169643;17.03.25 03:10:55;0.2;436
2025-03-17 03:01:43;1742169703;17.03.25 03:11:59;0.2;433
2025-03-17 03:02:43;1742169763;17.03.25 03:13:03;0.2;432
2025-03-17 03:03:43;1742169823;17.03.25 03:14:07;0.2;429
2025-03-17 03:04:43;1742169883;17.03.25 03:15:06;0.2;432
2025-03-17 03:05:43;1742169943;17.03.25 03:15:59;0.2;430
2025-03-17 03:06:43;1742170003;17.03.25 03:17:03;0.2;435
2025-03-17 03:07:43;1742170063;17.03.25 03:18:07;0.2;435
2025-03-17 03:08:43;1742170123;17.03.25 03:19:02;0.2;437
2025-03-17 03:09:43;1742170183;17.03.25 03:20:06;0.1;439
2025-03-17 03:10:43;1742170243;17.03.25 03:20:48;0.2;438
2025-03-17 03:11:43;1742170303;17.03.25 03:22:07;0.2;438
2025-03-17 03:12:43;1742170363;17.03.25 03:22:57;0.2;437
2025-03-17 03:13:43;1742170423;17.03.25 03:24:01;0.1;437
2025-03-17 03:14:43;1742170483;17.03.25 03:25:05;0.2;438
2025-03-17 03:15:43;1742170543;17.03.25 03:26:09;0.2;441
2025-03-17 03:16:43;1742170603;17.03.25 03:26:55;0.1;421
2025-03-17 03:17:43;1742170663;17.03.25 03:27:59;0.2;430
2025-03-17 03:18:43;1742170723;17.03.25 03:29:03;0.2;439
2025-03-17 03:19:43;1742170783;17.03.25 03:30:07;0.2;438
2025-03-17 03:20:43;1742170843;17.03.25 03:31:08;0.2;437
2025-03-17 03:21:43;1742170903;17.03.25 03:31:59;0.2;437
2025-03-17 03:22:43;1742170963;17.03.25 03:33:03;0.2;434
2025-03-17 03:23:43;1742171023;17.03.25 03:34:07;0.2;438
2025-03-17 03:24:43;1742171083;17.03.25 03:35:04;0.1;437
2025-03-17 03:25:43;1742171143;17.03.25 03:36:08;0.2;428
2025-03-17 03:26:43;1742171203;17.03.25 03:37:03;0.2;428
2025-03-17 03:27:43;1742171263;17.03.25 03:37:55;0.2;433
2025-03-17 03:28:43;1742171323;17.03.25 03:38:59;0.2;435
2025-03-17 03:29:43;1742171383;17.03.25 03:40:03;0.2;431
2025-03-17 03:30:43;1742171443;17.03.25 03:41:07;0.2;428
2025-03-17 03:31:43;1742171503;17.03.25 03:42:07;0.2;436
2025-03-17 03:32:43;1742171563;17.03.25 03:42:55;0.2;436
2025-03-17 03:33:43;1742171623;17.03.25 03:43:59;0.2;436
2025-03-17 03:34:43;1742171683;17.03.25 03:45:03;0.1;433
2025-03-17 03:35:43;1742171743;17.03.25 03:46:07;0.2;438
2025-03-17 03:36:43;1742171803;17.03.25 03:46:55;0.2;440
2025-03-17 03:37:43;1742171863;17.03.25 03:47:59;0.2;436
2025-03-17 03:38:43;1742171923;17.03.25 03:49:03;0.2;429
2025-03-17 03:39:43;1742171983;17.03.25 03:50:07;0.2;429
2025-03-17 03:40:43;1742172043;17.03.25 03:51:06;0.2;427
2025-03-17 03:41:43;1742172103;17.03.25 03:51:59;0.2;439
2025-03-17 03:42:43;1742172163;17.03.25 03:53:03;0.2;423
2025-03-17 03:43:43;1742172223;17.03.25 03:54:08;0.2;432
2025-03-17 03:44:43;1742172283;17.03.25 03:55:01;0.2;432
2025-03-17 03:45:43;1742172343;17.03.25 03:56:05;0.2;429
2025-03-17 03:46:43;1742172403;17.03.25 03:57:09;0.1;417
2025-03-17 03:47:43;1742172463;17.03.25 03:58:08;0.2;431
2025-03-17 03:48:43;1742172523;17.03.25 03:58:56;0.2;428
2025-03-17 03:49:43;1742172583;17.03.25 04:00:00;0.2;429
2025-03-17 03:50:43;1742172643;17.03.25 04:01:05;0.2;433
2025-03-17 03:51:43;1742172703;17.03.25 04:02:09;0.2;433
2025-03-17 03:52:43;1742172763;17.03.25 04:02:51;0.2;433
2025-03-17 03:53:43;1742172823;17.03.25 04:04:00;0.2;435
2025-03-17 03:54:43;1742172883;17.03.25 04:05:04;0.2;435
2025-03-17 03:55:43;1742172943;17.03.25 04:06:08;0.2;435
2025-03-17 03:56:43;1742173003;17.03.25 04:07:08;0.2;431
2025-03-17 03:57:43;1742173063;17.03.25 04:08:00;0.1;437
2025-03-17 03:58:43;1742173123;17.03.25 04:09:04;0.2;438
2025-03-17 03:59:43;1742173183;17.03.25 04:10:08;0.2;436
2025-03-17 04:00:43;1742173243;17.03.25 04:11:03;0.1;437
2025-03-17 04:01:43;1742173303;17.03.25 04:12:07;0.2;436
2025-03-17 04:02:43;1742173363;17.03.25 04:13:04;0.2;435
2025-03-17 04:03:43;1742173423;17.03.25 04:14:08;0.2;427
2025-03-17 04:04:43;1742173483;17.03.25 04:14:58;0.2;427
2025-03-17 04:05:43;1742173543;17.03.25 04:16:03;0.2;433
2025-03-17 04:06:43;1742173603;17.03.25 04:17:07;0.2;434
2025-03-17 04:07:43;1742173663;17.03.25 04:18:08;0.2;434
2025-03-17 04:08:43;1742173723;17.03.25 04:18:56;0.2;426
2025-03-17 04:09:43;1742173783;17.03.25 04:20:00;0.2;445
2025-03-17 04:10:43;1742173843;17.03.25 04:21:04;0.2;439
2025-03-17 04:11:43;1742173903;17.03.25 04:22:08;0.2;439
2025-03-17 04:12:43;1742173963;17.03.25 04:23:10;0.1;439
2025-03-17 04:13:43;1742174023;17.03.25 04:24:00;0.2;430
2025-03-17 04:14:43;1742174083;17.03.25 04:25:04;0.2;448
2025-03-17 04:15:43;1742174143;17.03.25 04:26:08;0.2;433
2025-03-17 04:16:43;1742174203;17.03.25 04:27:05;0.2;424
2025-03-17 04:17:43;1742174263;17.03.25 04:28:09;0.2;433
2025-03-17 04:18:43;1742174323;17.03.25 04:29:04;0.2;441
2025-03-17 04:19:43;1742174383;17.03.25 04:30:08;0.2;429
2025-03-17 04:20:43;1742174443;17.03.25 04:31:00;0.2;443
2025-03-17 04:21:43;1742174503;17.03.25 04:32:05;0.2;432
2025-03-17 04:22:43;1742174563;17.03.25 04:33:09;0.2;442
2025-03-17 04:23:44;1742174624;17.03.25 04:34:08;0.1;442
2025-03-17 04:24:44;1742174684;17.03.25 04:34:56;0.2;427
2025-03-17 04:25:44;1742174744;17.03.25 04:36:00;0.2;430
2025-03-17 04:26:44;1742174804;17.03.25 04:37:04;0.2;440
2025-03-17 04:27:44;1742174864;17.03.25 04:38:08;0.2;430
2025-03-17 04:28:44;1742174924;17.03.25 04:38:56;0.1;438
2025-03-17 04:29:44;1742174984;17.03.25 04:39:55;0.2;430
2025-03-17 04:30:44;1742175044;17.03.25 04:41:04;0.2;433
2025-03-17 04:31:44;1742175104;17.03.25 04:42:08;0.2;429
2025-03-17 04:32:44;1742175164;17.03.25 04:43:07;0.1;428
2025-03-17 04:33:44;1742175224;17.03.25 04:44:00;0.2;422
2025-03-17 04:34:44;1742175284;17.03.25 04:45:04;0.2;422
2025-03-17 04:35:44;1742175344;17.03.25 04:46:07;0.2;424
2025-03-17 04:36:44;1742175404;17.03.25 04:47:03;0.2;436
2025-03-17 04:37:44;1742175464;17.03.25 04:48:07;0.2;432
2025-03-17 04:38:44;1742175524;17.03.25 04:49:03;0.2;436
2025-03-17 04:39:44;1742175584;17.03.25 04:49:54;0.2;436
2025-03-17 04:40:44;1742175644;17.03.25 04:51:54;0.2;436
2025-03-17 04:41:44;1742175704;17.03.25 04:52:02;0.2;425
2025-03-17 04:42:44;1742175764;17.03.25 04:53:06;0.2;418
2025-03-17 04:43:44;1742175824;17.03.25 04:54:10;0.2;436
2025-03-17 04:44:44;1742175884;17.03.25 04:55:11;0.2;428
2025-03-17 04:45:44;1742175944;17.03.25 04:55:59;0.2;439
2025-03-17 04:46:44;1742176004;17.03.25 04:57:03;0.2;436
2025-03-17 04:47:44;1742176064;17.03.25 04:58:07;0.2;439
2025-03-17 04:48:44;1742176124;17.03.25 04:59:11;0.2;432
2025-03-17 04:49:44;1742176184;17.03.25 04:59:59;0.2;436
2025-03-17 04:50:44;1742176244;17.03.25 05:01:03;0.1;434
2025-03-17 04:51:44;1742176304;17.03.25 05:02:07;0.2;437
2025-03-17 04:52:44;1742176364;17.03.25 05:03:11;0.2;437
2025-03-17 04:53:44;1742176424;17.03.25 05:04:09;0.2;437
2025-03-17 04:54:44;1742176484;17.03.25 05:05:03;0.2;441
2025-03-17 04:55:44;1742176544;17.03.25 05:06:07;0.2;433
2025-03-17 04:56:44;1742176604;17.03.25 05:07:11;0.2;432
2025-03-17 04:57:44;1742176664;17.03.25 05:08:04;0.1;431
2025-03-17 04:58:44;1742176724;17.03.25 05:09:08;0.2;431
2025-03-17 04:59:44;1742176784;17.03.25 05:10:07;0.2;434
2025-03-17 05:00:44;1742176844;17.03.25 05:11:11;0.2;431
2025-03-17 05:01:44;1742176904;17.03.25 05:11:59;0.2;435
2025-03-17 05:02:44;1742176964;17.03.25 05:13:03;0.1;432
2025-03-17 05:03:44;1742177024;17.03.25 05:14:08;0.1;430
2025-03-17 05:04:44;1742177084;17.03.25 05:15:11;0.1;436
2025-03-17 05:05:44;1742177144;17.03.25 05:15:59;0.2;431
2025-03-17 05:06:44;1742177204;17.03.25 05:17:03;0.2;429
2025-03-17 05:07:44;1742177264;17.03.25 05:18:07;0.2;432
2025-03-17 05:08:44;1742177324;17.03.25 05:19:11;0.2;432
2025-03-17 05:09:44;1742177384;17.03.25 05:20:11;0.2;432
2025-03-17 05:10:44;1742177444;17.03.25 05:21:03;0.2;430
2025-03-17 05:11:44;1742177504;17.03.25 05:22:07;0.2;432
2025-03-17 05:12:44;1742177564;17.03.25 05:23:02;0.1;432
2025-03-17 05:13:44;1742177624;17.03.25 05:24:06;0.2;434
2025-03-17 05:14:44;1742177684;17.03.25 05:25:10;0.2;431
2025-03-17 05:15:44;1742177744;17.03.25 05:26:07;0.2;435
2025-03-17 05:16:44;1742177804;17.03.25 05:27:11;0.2;432
2025-03-17 05:17:44;1742177864;17.03.25 05:28:01;0.2;433
2025-03-17 05:18:44;1742177924;17.03.25 05:29:05;0.2;431
2025-03-17 05:19:44;1742177984;17.03.25 05:30:10;0.2;436
2025-03-17 05:20:44;1742178044;17.03.25 05:31:11;0.1;427
2025-03-17 05:21:44;1742178104;17.03.25 05:31:59;0.2;433
2025-03-17 05:22:44;1742178164;17.03.25 05:33:03;0.2;435
2025-03-17 05:23:44;1742178224;17.03.25 05:34:07;0.2;437
2025-03-17 05:24:44;1742178284;17.03.25 05:35:11;0.2;441
2025-03-17 05:25:44;1742178344;17.03.25 05:35:59;0.2;428
2025-03-17 05:26:44;1742178404;17.03.25 05:37:03;0.2;430
2025-03-17 05:27:44;1742178464;17.03.25 05:38:07;0.2;429
2025-03-17 05:28:44;1742178524;17.03.25 05:39:11;0.2;441
2025-03-17 05:29:44;1742178584;17.03.25 05:40:08;0.2;428
2025-03-17 05:30:44;1742178644;17.03.25 05:41:03;0.2;431
2025-03-17 05:31:44;1742178704;17.03.25 05:42:07;0.2;429
2025-03-17 05:32:44;1742178764;17.03.25 05:43:11;0.2;432
2025-03-17 05:33:44;1742178824;17.03.25 05:44:03;0.2;428
2025-03-17 05:34:44;1742178884;17.03.25 05:45:07;0.2;439
2025-03-17 05:35:44;1742178944;17.03.25 05:46:07;0.2;438
2025-03-17 05:36:44;1742179004;17.03.25 05:47:11;0.2;434
2025-03-17 05:37:44;1742179064;17.03.25 05:47:59;0.1;435
2025-03-17 05:38:44;1742179124;17.03.25 05:49:03;0.2;441
2025-03-17 05:39:44;1742179184;17.03.25 05:50:07;0.2;441
2025-03-17 05:40:44;1742179244;17.03.25 05:51:11;0.2;443
2025-03-17 05:41:44;1742179304;17.03.25 05:51:59;0.2;436
2025-03-17 05:42:44;1742179364;17.03.25 05:53:03;0.2;438
2025-03-17 05:43:44;1742179424;17.03.25 05:54:07;0.2;438
2025-03-17 05:44:45;1742179485;17.03.25 05:55:11;0.2;441
2025-03-17 05:45:45;1742179545;17.03.25 05:56:10;0.2;436
2025-03-17 05:46:45;1742179605;17.03.25 05:57:02;0.2;437
2025-03-17 05:47:45;1742179665;17.03.25 05:58:06;0.2;445
2025-03-17 05:48:45;1742179725;17.03.25 05:59:10;0.2;437
2025-03-17 05:49:45;1742179785;17.03.25 06:00:06;0.2;437
2025-03-17 05:50:45;1742179845;17.03.25 06:01:10;0.2;443
2025-03-17 05:51:45;1742179905;17.03.25 06:02:06;0.2;433
2025-03-17 05:52:45;1742179965;17.03.25 06:03:10;0.2;431
2025-03-17 05:53:45;1742180025;17.03.25 06:04:01;0.2;429
2025-03-17 05:54:45;1742180085;17.03.25 06:05:05;0.2;433
2025-03-17 05:55:45;1742180145;17.03.25 06:06:09;0.2;434
2025-03-17 05:56:45;1742180205;17.03.25 06:07:10;0.2;433
2025-03-17 05:57:45;1742180265;17.03.25 06:07:58;0.2;431
2025-03-17 05:58:45;1742180325;17.03.25 06:09:02;0.2;433
2025-03-17 05:59:45;1742180385;17.03.25 06:10:06;0.2;431
2025-03-17 06:00:45;1742180445;17.03.25 06:11:10;0.2;438
2025-03-17 06:01:45;1742180505;17.03.25 06:11:58;0.2;446
2025-03-17 06:02:45;1742180565;17.03.25 06:13:02;0.2;443
2025-03-17 06:03:45;1742180625;17.03.25 06:14:06;0.2;443
2025-03-17 06:04:45;1742180685;17.03.25 06:15:10;0.2;443
2025-03-17 06:05:45;1742180745;17.03.25 06:16:08;0.2;436
2025-03-17 06:06:45;1742180805;17.03.25 06:17:12;0.1;435
2025-03-17 06:07:45;1742180865;17.03.25 06:18:06;0.2;429
2025-03-17 06:08:45;1742180925;17.03.25 06:19:10;0.2;430
2025-03-17 06:09:45;1742180985;17.03.25 06:20:03;0.2;440
2025-03-17 06:10:45;1742181045;17.03.25 06:21:07;0.2;436
2025-03-17 06:11:45;1742181105;17.03.25 06:22:11;0.2;436
2025-03-17 06:12:45;1742181165;17.03.25 06:23:10;0.2;432
2025-03-17 06:13:45;1742181225;17.03.25 06:23:58;0.2;436
2025-03-17 06:14:45;1742181285;17.03.25 06:25:03;0.2;436
2025-03-17 06:15:45;1742181345;17.03.25 06:26:06;0.2;433
2025-03-17 06:16:45;1742181405;17.03.25 06:27:10;0.2;435
2025-03-17 06:17:45;1742181465;17.03.25 06:27:58;0.2;441
2025-03-17 06:18:45;1742181525;17.03.25 06:29:02;0.2;451
2025-03-17 06:19:45;1742181585;17.03.25 06:30:06;0.2;451
2025-03-17 06:20:45;1742181645;17.03.25 06:31:10;0.2;431
2025-03-17 06:21:45;1742181705;17.03.25 06:32:10;0.2;437
2025-03-17 06:22:45;1742181765;17.03.25 06:33:02;0.2;427
2025-03-17 06:23:45;1742181825;17.03.25 06:34:06;0.2;434
2025-03-17 06:24:45;1742181885;17.03.25 06:35:10;0.2;439
2025-03-17 06:25:45;1742181945;17.03.25 06:36:05;0.2;437
2025-03-17 06:26:45;1742182005;17.03.25 06:37:09;0.2;437
2025-03-17 06:27:45;1742182065;17.03.25 06:38:07;0.2;428
2025-03-17 06:28:45;1742182125;17.03.25 06:39:11;0.2;429
2025-03-17 06:29:45;1742182185;17.03.25 06:40:00;0.2;439
2025-03-17 06:30:45;1742182245;17.03.25 06:41:04;0.2;431
2025-03-17 06:31:45;1742182305;17.03.25 06:42:09;0.2;430
2025-03-17 06:32:45;1742182365;17.03.25 06:43:13;0.2;445
2025-03-17 06:33:45;1742182425;17.03.25 06:43:59;0.2;440
2025-03-17 06:34:45;1742182485;17.03.25 06:45:03;0.2;429
2025-03-17 06:35:45;1742182545;17.03.25 06:46:07;0.2;434
2025-03-17 06:36:45;1742182605;17.03.25 06:47:11;0.2;434
2025-03-17 06:37:45;1742182665;17.03.25 06:48:12;0.2;437
2025-03-17 06:38:45;1742182725;17.03.25 06:49:03;0.2;437
2025-03-17 06:39:45;1742182785;17.03.25 06:50:07;0.2;443
2025-03-17 06:40:45;1742182845;17.03.25 06:51:03;0.2;437
2025-03-17 06:41:45;1742182905;17.03.25 06:52:07;0.2;431
2025-03-17 06:42:45;1742182965;17.03.25 06:53:11;0.2;431
2025-03-17 06:43:45;1742183025;17.03.25 06:54:07;0.2;429
2025-03-17 06:44:45;1742183085;17.03.25 06:55:11;0.2;430
2025-03-17 06:45:45;1742183145;17.03.25 06:56:02;0.2;432
2025-03-17 06:46:45;1742183205;17.03.25 06:57:07;0.2;434
2025-03-17 06:47:45;1742183265;17.03.25 06:58:11;0.2;434
2025-03-17 06:48:45;1742183325;17.03.25 06:59:11;0.2;438
2025-03-17 06:49:45;1742183385;17.03.25 06:59:59;0.2;439
2025-03-17 06:50:45;1742183445;17.03.25 07:01:03;0.2;434
2025-03-17 06:51:45;1742183505;17.03.25 07:02:07;0.2;432
2025-03-17 06:52:45;1742183565;17.03.25 07:03:10;0.1;438
2025-03-17 06:53:45;1742183625;17.03.25 07:03:59;0.2;430
2025-03-17 06:54:45;1742183685;17.03.25 07:05:03;0.2;439
2025-03-17 06:55:45;1742183745;17.03.25 07:06:07;0.2;436
2025-03-17 06:56:45;1742183805;17.03.25 07:07:11;0.2;440
2025-03-17 06:57:45;1742183865;17.03.25 07:08:09;0.2;433
2025-03-17 06:58:45;1742183925;17.03.25 07:09:03;0.2;433
2025-03-17 06:59:45;1742183985;17.03.25 07:10:07;0.2;434
2025-03-17 07:00:45;1742184045;17.03.25 07:11:11;0.2;440
2025-03-17 07:01:45;1742184105;17.03.25 07:12:05;0.2;435
2025-03-17 07:02:45;1742184165;17.03.25 07:13:09;0.2;435
2025-03-17 07:03:45;1742184225;17.03.25 07:14:13;0.2;437
2025-03-17 07:04:45;1742184285;17.03.25 07:15:11;0.2;432
2025-03-17 07:05:45;1742184345;17.03.25 07:16:00;0.2;436
2025-03-17 07:06:45;1742184405;17.03.25 07:17:04;0.2;438
2025-03-17 07:07:45;1742184465;17.03.25 07:18:08;0.2;433
2025-03-17 07:08:45;1742184525;17.03.25 07:19:12;0.2;441
2025-03-17 07:09:45;1742184585;17.03.25 07:19:59;0.2;436
2025-03-17 07:10:45;1742184645;17.03.25 07:21:03;0.2;434
2025-03-17 07:11:45;1742184705;17.03.25 07:22:07;0.2;435
2025-03-17 07:12:45;1742184765;17.03.25 07:23:11;0.2;436
2025-03-17 07:13:45;1742184825;17.03.25 07:24:11;0.2;436
2025-03-17 07:14:45;1742184885;17.03.25 07:25:03;0.2;425
2025-03-17 07:15:46;1742184946;17.03.25 07:26:07;0.2;422
2025-03-17 07:16:46;1742185006;17.03.25 07:27:11;0.2;431
2025-03-17 07:17:46;1742185066;17.03.25 07:28:07;0.2;438
2025-03-17 07:18:46;1742185126;17.03.25 07:29:11;0.2;438
2025-03-17 07:19:46;1742185186;17.03.25 07:30:07;0.2;439
2025-03-17 07:20:46;1742185246;17.03.25 07:31:11;0.2;430
2025-03-17 07:21:46;1742185306;17.03.25 07:32:02;0.2;433
2025-03-17 07:22:46;1742185366;17.03.25 07:33:06;0.2;436
2025-03-17 07:23:46;1742185426;17.03.25 07:34:10;0.2;433
2025-03-17 07:24:46;1742185486;17.03.25 07:35:11;0.2;426
2025-03-17 07:25:46;1742185546;17.03.25 07:35:59;0.2;426
2025-03-17 07:26:46;1742185606;17.03.25 07:37:03;0.2;431
2025-03-17 07:27:46;1742185666;17.03.25 07:38:07;0.2;431
2025-03-17 07:28:46;1742185726;17.03.25 07:39:11;0.2;436
2025-03-17 07:29:46;1742185786;17.03.25 07:39:59;0.2;437
2025-03-17 07:30:46;1742185846;17.03.25 07:41:03;0.2;437
2025-03-17 07:31:46;1742185906;17.03.25 07:42:07;0.2;439
2025-03-17 07:32:46;1742185966;17.03.25 07:43:11;0.2;436
2025-03-17 07:33:46;1742186026;17.03.25 07:44:09;0.2;423
2025-03-17 07:34:46;1742186086;17.03.25 07:45:13;0.2;438
2025-03-17 07:35:46;1742186146;17.03.25 07:46:07;0.2;435
2025-03-17 07:36:46;1742186206;17.03.25 07:47:11;0.2;430
2025-03-17 07:37:46;1742186266;17.03.25 07:48:04;0.2;433
2025-03-17 07:38:46;1742186326;17.03.25 07:49:08;0.2;433
2025-03-17 07:39:46;1742186386;17.03.25 07:50:12;0.2;442
2025-03-17 07:40:46;1742186446;17.03.25 07:51:11;0.2;432
2025-03-17 07:41:46;1742186506;17.03.25 07:51:59;0.2;439
2025-03-17 07:42:46;1742186566;17.03.25 07:53:03;0.2;441
2025-03-17 07:43:46;1742186626;17.03.25 07:54:07;0.2;444
2025-03-17 07:44:46;1742186686;17.03.25 07:55:12;0.2;440
2025-03-17 07:45:46;1742186746;17.03.25 07:55:58;0.2;434
2025-03-17 07:46:46;1742186806;17.03.25 07:57:02;0.2;435
2025-03-17 07:47:46;1742186866;17.03.25 07:58:06;0.2;435
2025-03-17 07:48:46;1742186926;17.03.25 07:59:10;0.2;431
2025-03-17 07:49:46;1742186986;17.03.25 08:00:11;0.2;432
2025-03-17 07:50:46;1742187046;17.03.25 08:01:02;0.2;439
2025-03-17 07:51:46;1742187106;17.03.25 08:02:06;0.2;446
2025-03-17 07:52:46;1742187166;17.03.25 08:03:10;0.2;450
2025-03-17 07:53:46;1742187226;17.03.25 08:04:06;0.2;447
2025-03-17 07:54:46;1742187286;17.03.25 08:05:10;0.2;447
2025-03-17 07:55:46;1742187346;17.03.25 08:06:06;0.2;445
2025-03-17 07:56:46;1742187406;17.03.25 08:07:10;0.2;442
2025-03-17 07:57:46;1742187466;17.03.25 08:08:01;0.3;435
2025-03-17 07:58:46;1742187526;17.03.25 08:09:05;0.2;437
2025-03-17 07:59:46;1742187586;17.03.25 08:10:10;0.2;450
2025-03-17 08:00:46;1742187646;17.03.25 08:11:14;0.3;433
2025-03-17 08:01:46;1742187706;17.03.25 08:12:13;0.2;439
2025-03-17 08:02:46;1742187766;17.03.25 08:13:01;0.2;439
2025-03-17 08:03:46;1742187826;17.03.25 08:14:05;0.2;440
2025-03-17 08:04:46;1742187886;17.03.25 08:15:09;0.2;440
2025-03-17 08:05:46;1742187946;17.03.25 08:16:13;0.2;445
2025-03-17 08:06:46;1742188006;17.03.25 08:17:01;0.2;451
2025-03-17 08:07:46;1742188066;17.03.25 08:18:05;0.3;450
2025-03-17 08:08:46;1742188126;17.03.25 08:19:09;0.2;439
2025-03-17 08:09:46;1742188186;17.03.25 08:20:13;0.2;434
2025-03-17 08:10:46;1742188246;17.03.25 08:21:12;0.2;438
2025-03-17 08:11:46;1742188306;17.03.25 08:22:05;0.2;434
2025-03-17 08:12:46;1742188366;17.03.25 08:23:09;0.2;443
2025-03-17 08:13:46;1742188426;17.03.25 08:24:13;0.2;442
2025-03-17 08:14:46;1742188486;17.03.25 08:25:08;0.3;442
2025-03-17 08:15:46;1742188546;17.03.25 08:26:12;0.2;442
2025-03-17 08:16:46;1742188606;17.03.25 08:27:09;0.3;435
2025-03-17 08:17:46;1742188666;17.03.25 08:28:13;0.3;443
2025-03-17 08:18:46;1742188726;17.03.25 08:29:03;0.2;448
2025-03-17 08:19:46;1742188786;17.03.25 08:30:07;0.2;448
2025-03-17 08:20:46;1742188846;17.03.25 08:31:11;0.2;441
2025-03-17 08:21:46;1742188906;17.03.25 08:32:13;0.3;447
2025-03-17 08:22:46;1742188966;17.03.25 08:33:01;0.3;447
2025-03-17 08:23:46;1742189026;17.03.25 08:34:05;0.3;437
2025-03-17 08:24:46;1742189086;17.03.25 08:35:09;0.2;437
2025-03-17 08:25:46;1742189146;17.03.25 08:36:13;0.3;442
2025-03-17 08:26:46;1742189206;17.03.25 08:37:14;0.3;438
2025-03-17 08:27:46;1742189266;17.03.25 08:38:05;0.3;438
2025-03-17 08:28:46;1742189326;17.03.25 08:39:09;0.3;440
2025-03-17 08:29:46;1742189386;17.03.25 08:40:13;0.2;436
2025-03-17 08:30:46;1742189446;17.03.25 08:41:10;0.2;434
2025-03-17 08:31:46;1742189506;17.03.25 08:42:14;0.2;434
2025-03-17 08:32:46;1742189566;17.03.25 08:42:56;0.2;434
2025-03-17 08:33:46;1742189626;17.03.25 08:44:13;0.3;436
2025-03-17 08:34:46;1742189686;17.03.25 08:45:05;0.3;442
2025-03-17 08:35:47;1742189747;17.03.25 08:46:09;0.2;442
2025-03-17 08:36:47;1742189807;17.03.25 08:47:13;0.3;435
2025-03-17 08:37:47;1742189867;17.03.25 08:48:13;0.3;442
2025-03-17 08:38:47;1742189927;17.03.25 08:49:01;0.2;428
2025-03-17 08:39:47;1742189987;17.03.25 08:50:05;0.2;434
2025-03-17 08:40:47;1742190047;17.03.25 08:51:08;0.2;427
2025-03-17 08:41:47;1742190107;17.03.25 08:52:13;0.2;445
2025-03-17 08:42:47;1742190167;17.03.25 08:53:01;0.2;442
2025-03-17 08:43:47;1742190227;17.03.25 08:54:05;0.2;440
2025-03-17 08:44:47;1742190287;17.03.25 08:55:09;0.2;432
2025-03-17 08:45:47;1742190347;17.03.25 08:56:13;0.2;445
2025-03-17 08:46:47;1742190407;17.03.25 08:57:12;0.2;443
2025-03-17 08:47:47;1742190467;17.03.25 08:58:05;0.2;444
2025-03-17 08:48:47;1742190527;17.03.25 08:59:09;0.2;441
2025-03-17 08:49:47;1742190587;17.03.25 09:00:13;0.2;438
2025-03-17 08:50:47;1742190647;17.03.25 09:01:07;0.2;438
2025-03-17 08:51:47;1742190707;17.03.25 09:02:11;0.2;433
2025-03-17 08:52:47;1742190767;17.03.25 09:03:09;0.2;433
2025-03-17 08:53:47;1742190827;17.03.25 09:04:13;0.2;433
2025-03-17 08:54:47;1742190887;17.03.25 09:05:02;0.2;431
2025-03-17 08:55:47;1742190947;17.03.25 09:06:06;0.2;431
2025-03-17 08:56:47;1742191007;17.03.25 09:07:10;0.2;432
2025-03-17 08:57:47;1742191067;17.03.25 09:08:14;0.2;432
2025-03-17 08:58:47;1742191127;17.03.25 09:09:01;0.2;437
2025-03-17 08:59:47;1742191187;17.03.25 09:10:05;0.2;437
2025-03-17 09:00:47;1742191247;17.03.25 09:11:05;0.2;433
2025-03-17 09:01:47;1742191307;17.03.25 09:12:09;0.2;435
2025-03-17 09:02:47;1742191367;17.03.25 09:13:14;0.2;443
2025-03-17 09:03:47;1742191427;17.03.25 09:13:57;0.2;436
2025-03-17 09:04:47;1742191487;17.03.25 09:15:09;0.2;436
2025-03-17 09:05:47;1742191547;17.03.25 09:16:05;0.2;430
2025-03-17 09:06:47;1742191607;17.03.25 09:17:09;0.2;429
2025-03-17 09:07:47;1742191667;17.03.25 09:18:13;0.3;429
2025-03-17 09:08:47;1742191727;17.03.25 09:19:10;0.2;436
2025-03-17 09:09:47;1742191787;17.03.25 09:20:14;0.2;436
2025-03-17 09:10:47;1742191847;17.03.25 09:21:04;0.2;436
2025-03-17 09:11:47;1742191907;17.03.25 09:22:08;0.2;431
2025-03-17 09:12:47;1742191967;17.03.25 09:23:13;0.2;436
2025-03-17 09:13:47;1742192027;17.03.25 09:24:14;0.2;438
2025-03-17 09:14:47;1742192087;17.03.25 09:25:02;0.2;436
2025-03-17 09:15:47;1742192147;17.03.25 09:26:06;0.2;436
2025-03-17 09:16:47;1742192207;17.03.25 09:27:10;0.2;438
2025-03-17 09:17:47;1742192267;17.03.25 09:28:14;0.2;474
2025-03-17 09:18:47;1742192327;17.03.25 09:29:02;0.2;477
2025-03-17 09:19:47;1742192387;17.03.25 09:30:06;0.2;488
2025-03-17 09:20:47;1742192447;17.03.25 09:31:10;0.2;506
2025-03-17 09:21:47;1742192507;17.03.25 09:32:14;0.2;524
2025-03-17 09:22:47;1742192567;17.03.25 09:33:11;0.2;554
2025-03-17 09:23:47;1742192627;17.03.25 09:34:15;0.2;564
2025-03-17 09:24:47;1742192687;17.03.25 09:35:10;0.2;608
2025-03-17 09:25:47;1742192747;17.03.25 09:36:14;0.2;616
2025-03-17 09:26:47;1742192807;17.03.25 09:37:06;0.2;616
2025-03-17 09:27:47;1742192867;17.03.25 09:38:11;0.2;638
2025-03-17 09:28:47;1742192927;17.03.25 09:39:15;0.2;662
2025-03-17 09:29:47;1742192987;17.03.25 09:40:14;0.2;678
2025-03-17 09:30:47;1742193047;17.03.25 09:41:02;0.2;682
2025-03-17 09:31:47;1742193107;17.03.25 09:42:06;0.2;684
2025-03-17 09:32:47;1742193167;17.03.25 09:43:10;0.2;690
2025-03-17 09:33:47;1742193227;17.03.25 09:44:14;0.2;692
2025-03-17 09:34:47;1742193287;17.03.25 09:45:02;0.2;686
2025-03-17 09:35:47;1742193347;17.03.25 09:46:06;0.2;674
2025-03-17 09:36:47;1742193407;17.03.25 09:47:10;0.2;667
2025-03-17 09:37:47;1742193467;17.03.25 09:48:14;0.2;655
2025-03-17 09:38:47;1742193527;17.03.25 09:49:13;0.1;652
2025-03-17 09:39:47;1742193587;17.03.25 09:50:06;0.2;651
2025-03-17 09:40:47;1742193647;17.03.25 09:51:10;0.2;647
2025-03-17 09:41:47;1742193707;17.03.25 09:52:14;0.2;645
2025-03-17 09:42:47;1742193767;17.03.25 09:53:09;0.2;634
2025-03-17 09:43:47;1742193827;17.03.25 09:54:13;0.2;624
2025-03-17 09:44:47;1742193887;17.03.25 09:55:10;0.2;617
2025-03-17 09:45:47;1742193947;17.03.25 09:56:14;0.2;615
2025-03-17 09:46:47;1742194007;17.03.25 09:57:04;0.2;615
2025-03-17 09:47:47;1742194067;17.03.25 09:58:08;0.1;610
2025-03-17 09:48:47;1742194127;17.03.25 09:59:12;0.2;610
2025-03-17 09:49:47;1742194187;17.03.25 09:59:58;0.1;599
2025-03-17 09:50:47;1742194247;17.03.25 10:01:02;0.2;606
2025-03-17 09:51:47;1742194307;17.03.25 10:02:06;0.2;606
2025-03-17 09:52:47;1742194367;17.03.25 10:03:10;0.2;596
2025-03-17 09:53:47;1742194427;17.03.25 10:04:14;0.2;593
2025-03-17 09:54:47;1742194487;17.03.25 10:05:15;0.2;590
2025-03-17 09:55:47;1742194547;17.03.25 10:06:06;0.1;584
2025-03-17 09:56:47;1742194607;17.03.25 10:07:10;0.2;596
2025-03-17 09:57:47;1742194667;17.03.25 10:08:14;0.1;593
2025-03-17 09:58:47;1742194727;17.03.25 10:09:11;0.2;584
2025-03-17 09:59:47;1742194787;17.03.25 10:10:15;0.2;580
2025-03-17 10:00:48;1742194848;17.03.25 10:11:10;0.2;579
2025-03-17 10:01:48;1742194908;17.03.25 10:12:14;0.2;571
2025-03-17 10:02:48;1742194968;17.03.25 10:13:06;0.2;542
2025-03-17 10:03:48;1742195028;17.03.25 10:14:10;0.2;563
2025-03-17 10:04:48;1742195088;17.03.25 10:15:14;0.2;563
2025-03-17 10:06:41;1742195201;17.03.25 10:17:02;0.2;566
2025-03-17 10:07:41;1742195261;17.03.25 10:18:06;0.2;555
2025-03-17 10:08:41;1742195321;17.03.25 10:19:09;0.2;557
2025-03-17 10:09:41;1742195381;17.03.25 10:19:58;0.1;549
2025-03-17 10:10:41;1742195441;17.03.25 10:21:02;0.2;552
2025-03-17 10:11:41;1742195501;17.03.25 10:22:06;0.2;552
2025-03-17 10:12:41;1742195561;17.03.25 10:23:04;0.2;552
2025-03-17 10:13:41;1742195621;17.03.25 10:24:09;0.2;544
2025-03-17 10:14:41;1742195681;17.03.25 10:25:02;0.2;544
2025-03-17 10:15:41;1742195741;17.03.25 10:26:06;0.2;546
2025-03-17 10:16:41;1742195801;17.03.25 10:27:00;0.2;546
2025-03-17 10:17:41;1742195861;17.03.25 10:28:04;0.1;542
2025-03-17 10:18:41;1742195921;17.03.25 10:29:08;0.1;536
2025-03-17 10:19:41;1742195981;17.03.25 10:30:06;0.2;534
2025-03-17 10:20:41;1742196041;17.03.25 10:30:55;0.2;534
2025-03-17 10:21:41;1742196101;17.03.25 10:31:59;0.2;535
2025-03-17 10:22:41;1742196161;17.03.25 10:33:03;0.2;532
2025-03-17 10:23:41;1742196221;17.03.25 10:34:07;0.1;532
2025-03-17 10:24:41;1742196281;17.03.25 10:34:54;0.2;525
2025-03-17 10:25:41;1742196341;17.03.25 10:35:58;0.1;525
2025-03-17 10:26:41;1742196401;17.03.25 10:37:02;0.2;532
2025-03-17 10:27:41;1742196461;17.03.25 10:38:06;0.2;522
2025-03-17 10:28:41;1742196521;17.03.25 10:39:07;0.2;515
2025-03-17 10:29:41;1742196581;17.03.25 10:39:58;0.1;522
2025-03-17 10:30:41;1742196641;17.03.25 10:41:02;0.1;518
2025-03-17 10:31:41;1742196701;17.03.25 10:42:06;0.2;513
2025-03-17 10:32:41;1742196761;17.03.25 10:43:02;0.2;513
2025-03-17 10:33:41;1742196821;17.03.25 10:44:06;0.2;523
2025-03-17 10:34:41;1742196881;17.03.25 10:45:02;0.2;510
2025-03-17 10:35:41;1742196941;17.03.25 10:46:06;0.2;513
2025-03-17 10:36:41;1742197001;17.03.25 10:46:57;0.2;499
2025-03-17 10:37:41;1742197061;17.03.25 10:48:01;0.2;515
2025-03-17 10:38:41;1742197121;17.03.25 10:49:05;0.1;517
2025-03-17 10:39:41;1742197181;17.03.25 10:50:09;0.2;515
2025-03-17 10:41:07;1742197267;17.03.25 10:51:35;0.2;514
2025-03-17 10:42:07;1742197327;17.03.25 10:52:30;0.2;504
2025-03-17 10:43:07;1742197387;17.03.25 10:53:34;0.2;504
2025-03-17 10:44:07;1742197447;17.03.25 10:54:26;0.1;503
2025-03-17 10:45:07;1742197507;17.03.25 10:55:30;0.1;497
2025-03-17 10:46:07;1742197567;17.03.25 10:56:34;0.2;496
2025-03-17 10:47:07;1742197627;17.03.25 10:57:17;0.1;490
2025-03-17 10:48:07;1742197687;17.03.25 10:58:22;0.2;500
2025-03-17 10:49:07;1742197747;17.03.25 10:59:26;0.2;496
2025-03-17 10:50:07;1742197807;17.03.25 11:00:30;0.2;491
2025-03-17 10:51:07;1742197867;17.03.25 11:01:34;0.1;491
2025-03-17 10:52:07;1742197927;17.03.25 11:02:22;0.2;487
2025-03-17 10:53:07;1742197987;17.03.25 11:03:26;0.1;486
2025-03-17 10:54:08;1742198048;17.03.25 11:04:30;0.2;493
2025-03-17 10:55:08;1742198108;17.03.25 11:05:34;0.2;488
2025-03-17 10:56:08;1742198168;17.03.25 11:06:33;0.2;488
